0,1,2
-6.504728,1.9844736,6.867131
10.334952,11.7366495,7.8969164
-6.699761,1.9792923,6.22388
2.9369183,7.744367,6.920509
2.156815,8.46431,7.72493
-2.5636706,7.8591375,4.341834
9.010258,11.313023,8.22948
2.7316415,6.9642296,8.348929
1.034257,6.1630297,7.1106267
0.34179214,6.92832,6.511081
-2.726158,8.114641,4.9767895
8.861106,9.068176,6.850271
3.5791318,8.101636,7.301136
8.169562,10.187444,7.534521
-0.3206484,5.5732594,7.035418
0.24526002,6.190546,7.105374
9.003148,10.961659,6.9411893
2.0967464,8.440402,7.8564477
9.214462,12.073428,6.8178144
-0.6302111,5.604474,6.2837925
-2.981054,9.801346,5.1057963
8.493042,10.633121,6.934046
2.0445654,7.8236203,7.078106
3.596396,8.550842,7.039199
1.9164952,8.442568,7.932336
9.549239,11.487861,8.41598
-2.3936427,7.8160644,5.7404876
10.273583,11.350242,6.9792933
-2.5521214,8.518471,4.701043
-1.0151919,6.816034,5.9875393
-1.2916232,6.0894003,6.90913
-0.6813602,6.411094,5.817043
-3.9596145,2.752748,5.119539
0.22574338,4.533735,6.6110606
-3.2774394,2.330653,4.3624773
10.931041,11.791256,8.640605
-1.753278,2.9318914,5.235755
2.9580483,7.6535034,7.150053
-0.643173,6.9442635,5.8673186
9.029935,10.897057,5.95476
0.6222289,5.466421,7.169527
-3.151181,2.6315064,5.07768
2.0352252,7.779753,8.801029
-2.1668925,5.2256722,5.837661
0.8409274,5.931581,7.345638
11.476727,11.40569,7.6475334
11.171756,11.669437,7.1982107
9.022756,10.74522,7.2708178
-1.9737983,7.240325,5.774652
-2.6590333,7.915912,4.3945484
5.79137,9.185108,7.0784144
10.535231,11.520303,7.3221416
2.4391086,6.948015,8.032366
10.454179,11.553334,8.148691
-0.77424836,4.7178817,5.0673575
11.016587,10.495468,8.034348
9.321521,10.831471,6.128815
3.698607,8.707023,7.3417964
-3.4297304,4.1538644,5.5802264
6.0588145,10.032786,7.3382063
-5.2252817,2.2487133,6.0521765
-6.839929,2.0438654,5.8517256
10.371471,10.735666,8.002687
12.207424,10.570679,7.511889
0.16487315,6.425764,6.5912614
-5.265907,2.2910209,5.334217
-2.78472,2.3636603,6.1664295
7.904981,11.366857,7.3756237
-6.6587777,2.0280879,6.815706
2.375477,8.043155,8.126734
7.3917375,10.76886,6.786455
2.0853283,8.396243,8.68389
2.6321542,6.8487706,7.56023
-6.5815673,2.2829273,6.0330157
-6.6551466,1.8484726,7.0673485
-0.7709602,3.984987,5.9937034
-2.783139,2.3129907,5.816838
6.187712,9.436937,6.897481
-3.3946657,3.8352737,5.4235373
11.152129,11.108084,8.200389
-1.7756652,6.8646793,5.1969123
-1.1707405,6.73612,6.719369
-6.4146714,1.8737539,6.9178233
2.1607885,7.137957,7.573578
1.8320205,7.6599884,7.795582
11.449978,11.50907,8.126469
-2.3348198,2.8282416,5.589785
-3.7060988,2.2006295,4.8580923
9.014093,9.261271,7.0224333
-2.6353261,8.031586,5.554968
-1.7417717,4.691225,5.8646936
-1.8780456,8.009745,5.5201297
1.2973155,6.2921767,7.5100923
-0.8358111,5.2954607,5.1975636
8.010717,9.18836,6.633158
-0.8825926,4.046093,5.804032
-0.36984384,5.6274633,5.4606786
-1.8179206,7.465079,6.1059556
4.9508166,8.871214,6.73805
-4.173365,8.87929,4.08816
-3.7933996,8.844484,4.4417048
9.310296,10.768326,6.248314
-6.702735,1.9496601,6.634666
-3.458978,2.393819,4.935947
11.421592,10.449938,8.031748
2.3337123,7.85279,6.998792
-1.5644423,7.1480355,5.9578495
8.382251,11.923041,7.835647
1.4623954,7.265469,6.9839087
-1.8027595,4.071537,5.8653584
9.49752,10.1235485,7.181745
-2.6764948,8.123636,5.4037995
5.3372154,9.0517025,7.1816044
9.349471,11.2158165,8.076271
9.9008465,9.821257,6.940875
10.092851,9.426361,7.3475738
-2.9860191,2.689398,5.177485
-0.51026195,5.0667443,6.4706473
-3.654574,7.9808292,4.1228523
-6.414014,2.2330368,6.0232515
2.4908001,7.5090594,7.098096
-2.970415,2.5562334,4.590876
9.089911,10.229621,6.9126105
11.038831,10.743163,7.135368
10.888887,11.342296,8.769893
-1.731614,4.6752753,6.780918
-2.168314,7.435172,5.9844685
10.349821,11.053661,7.148779
8.801672,12.081112,7.545964
11.4282675,10.909161,8.145035
0.6010825,6.563709,7.0410204
-0.069184095,4.515926,6.3162937
-1.3795797,6.811863,6.6091766
8.152693,11.624553,6.9211974
-3.511192,7.8739467,4.4013762
0.21886665,6.453734,6.4791827
-3.7175486,8.803937,4.6755342
9.772602,10.382239,7.554182
12.273622,11.2156725,7.505939
9.983339,10.019658,7.520313
2.617131,6.9665346,8.229178
0.7568707,6.1848497,7.4539704
-1.3952508,4.600232,6.5675993
1.3612306,7.085071,7.7678647
9.414669,11.64908,6.9076314
-3.3832068,2.324097,5.273284
7.4622397,11.285569,8.075573
-3.2631638,3.5086913,4.9977336
8.841893,10.268716,7.231218
2.328752,7.4032764,7.119669
2.7884693,7.0432334,7.91428
10.170314,9.452951,7.562371
8.790315,12.1297455,7.343148
9.206898,10.036004,6.9870954
0.41474822,6.669586,6.356692
-1.4353428,4.4273353,5.1238112
-3.1025336,2.8668344,5.851474
11.534013,11.366702,6.8979874
0.25893137,4.71584,6.7358146
-3.288676,2.5287478,4.231086
8.671719,10.368299,8.063362
-1.7303667,7.493054,5.048126
9.389494,10.460923,6.6358585
2.811353,6.840271,7.7354817
12.292663,10.91879,7.768725
-1.434996,4.330931,6.48846
11.477193,11.471296,7.0750694
11.242165,11.683351,8.432534
-6.72642,2.04397,5.9293995
11.525906,10.893565,7.9736753
-5.288626,1.9784858,5.185516
-1.60725,4.012832,5.7160835
11.683973,10.08746,8.390797
-2.3676476,7.4790983,4.809835
-0.9057352,4.2674937,5.6783276
11.209838,10.409317,7.8844075
8.917312,11.038254,8.065575
11.0788555,11.125265,7.5413585
8.544578,9.3975935,6.7759576
-2.6283667,7.5561366,4.8086987
0.20681751,4.7179575,6.3731923
-3.4452093,3.0521934,4.627311
-2.3734949,4.676518,6.6090775
9.179681,10.443236,7.8170676
1.8165656,7.260414,7.9862556
-1.9415153,3.9636087,6.5137963
0.8757433,6.7390757,7.6574783
0.8479091,6.015397,6.934999
2.4891188,6.8511295,7.471471
7.6200604,10.17913,6.9803276
6.9640794,10.940343,7.002771
12.269024,11.239969,7.9983435
-4.7914133,2.2195888,4.93354
5.430547,9.411922,6.6980157
-3.1804214,8.977736,4.733747
10.622076,11.043157,8.026154
4.920229,9.457089,6.952018
1.6220001,8.0799265,7.59561
3.2887983,8.05927,7.4233418
-1.9380847,2.8623223,5.5192275
-3.617125,3.469728,4.768536
9.151505,9.854378,8.258738
8.3108425,9.927691,6.9249578
-4.7884607,2.099169,5.9076343
3.083946,8.134326,7.541163
-0.41106832,4.3033166,6.5591197
10.703878,11.370641,8.258571
-2.202367,5.9043727,5.9757223
8.381282,9.9697075,7.298688
-2.8649395,1.8952936,5.0929313
11.88346,10.616858,7.216188
10.897393,11.949218,8.267794
-3.7983403,8.201502,4.4039717
8.23023,9.5403185,6.7953744
11.891478,10.374596,6.886745
9.524091,9.6965,8.011717
9.106067,10.882569,6.9746275
5.49725,8.875748,6.9465218
-2.1314037,5.5147448,6.385549
6.5017147,10.578882,7.939205
9.022736,9.866863,7.895868
12.149668,10.796233,8.142124
11.774325,10.143001,6.9310055
10.347583,10.120398,7.764885
2.2256033,8.224594,9.040912
-3.146577,2.257924,6.306025
-3.7786045,3.0198872,4.7588243
4.483034,8.965489,7.1965437
3.1063385,8.386539,7.6592093
-1.8875399,3.9737024,5.2840695
11.300285,11.273459,8.601147
2.9540296,7.384162,9.248109
-1.0436028,4.0229564,5.6828203
-3.3881788,2.2433298,4.90621
-4.943684,2.2736244,6.044926
9.131142,12.452798,7.0482006
-6.4843044,1.7842591,7.063748
-4.0156126,8.756217,4.033372
3.800136,8.487871,7.583903
-1.9723475,7.091131,5.4667044
-1.0287821,6.3276176,5.738343
9.142282,10.054779,6.662338
-0.45950466,4.640941,5.912074
-0.6739683,5.102059,5.2542753
-0.1490206,4.351675,6.5433846
-6.486514,2.293732,5.870448
-6.216011,1.9954675,6.716035
-1.8747282,5.173386,5.7898293
9.388161,11.508713,6.855975
10.87806,10.300858,7.3614388
10.544077,11.111375,9.03201
6.885846,10.830462,6.8558717
8.4938545,11.478208,7.41508
8.034933,9.917011,6.843888
-2.9487407,9.612396,4.9996343
-0.53399163,6.8031797,6.801713
5.715041,9.535932,7.1112766
-3.661233,1.6317315,4.4305954
-1.7103648,7.0264096,6.1036005
9.202921,11.520842,8.007369
7.622047,11.385163,7.89108
-3.0294015,1.4336691,5.410398
2.530008,6.807724,8.2258
9.00649,10.891996,8.107673
8.972329,10.787302,7.6622167
-1.992818,1.4000567,4.435541
1.97755,6.8607874,6.99693
-0.10021179,6.393228,5.785525
8.735787,10.85763,7.3157315
-1.4211147,3.317748,5.2729273
10.71866,9.882479,7.717377
7.400548,11.195156,6.5289965
11.586232,11.675364,8.277402
1.3681715,7.142229,7.8095746
-2.1678197,1.6242349,4.4315753
3.100027,7.062592,7.714365
10.764532,10.587899,8.905689
-4.2395644,8.979184,4.2006607
-2.8457482,4.0797896,5.4754405
8.4361725,11.022851,8.051634
-4.141466,8.953801,4.34289
2.8994207,7.4081454,9.236898
-1.7783421,4.5627317,6.0956106
2.183835,8.157532,9.12637
9.042186,9.887698,7.098146
-4.8310733,2.2045424,5.7856913
8.306152,11.298517,6.672466
1.8452004,6.638738,7.8078923
0.7845704,7.2198696,6.5444927
5.6268034,9.809488,7.2414613
8.694033,11.710941,7.513413
2.3976903,7.080645,8.100878
10.718426,10.670117,7.9019046
8.925508,11.857836,7.6802115
11.709491,10.5461,6.6432843
7.8165784,11.487031,6.524443
-3.1371648,1.1864713,5.1187506
10.292165,11.24943,7.3893604
-0.96300817,6.941523,6.08498
9.619499,9.145023,7.220948
10.165709,9.933448,6.9978957
7.313807,11.245865,8.353697
2.114129,7.2930627,7.5698304
11.687203,11.400983,8.195782
3.107107,7.5932083,6.8298955
2.0122912,8.067689,9.097296
6.917223,10.401036,7.919511
-2.3757033,7.504636,4.722039
-2.2691019,2.0699198,4.879494
-2.2564814,1.4702986,4.469891
8.986967,10.259665,8.180416
-1.5970728,5.104149,5.8990564
1.921648,7.6151304,7.1252565
3.3820293,7.9398584,7.2000895
8.273901,10.711755,6.965872
-1.4593823,7.6196795,6.287979
-0.28495103,4.2136254,6.142714
-2.6129687,7.76847,5.608112
8.214315,10.890012,7.727169
7.0969095,11.00581,6.7164245
-3.0906303,2.9187338,6.4025345
-3.3634496,1.9710983,4.54749
9.803747,10.763513,8.214273
-3.4085727,1.7647115,5.6854563
5.598487,9.993582,7.106672
8.841417,10.7104025,6.311335
-1.7972614,7.247487,4.966141
8.61776,11.377861,7.363194
8.3257475,11.3200445,6.9884553
10.162957,11.38545,7.812491
10.045131,9.826561,8.140601
7.1759768,11.113477,7.226534
4.798892,9.093339,7.305247
11.247971,9.894679,8.049603
7.377299,10.965954,8.370058
8.7323265,11.482961,7.935588
-2.0864232,5.963917,5.595928
9.233896,10.513666,6.967315
-3.4879394,9.070991,4.4861083
2.3149452,7.9239025,7.884687
-2.225292,4.1457734,5.4159913
9.465506,9.582487,6.954459
5.2721643,9.361591,6.9370446
5.4956594,9.950287,6.941967
-3.373227,8.696205,4.44024
9.553983,11.033125,6.8933916
10.691107,11.418655,7.1101527
9.288866,10.732715,7.084555
-0.047046885,6.128641,5.613257
-0.8918242,7.1569576,6.2844324
-1.7347081,4.7339706,5.524412
-4.722265,2.3214154,5.755862
7.6737547,10.997342,8.186436
-3.066977,9.527803,5.1148257
-0.3714766,5.134565,6.6774526
4.102075,8.537513,7.2575316
9.053926,11.848981,7.765369
7.8372416,11.184267,7.2481713
-0.83973527,4.286369,4.851874
6.0370607,9.365788,7.126166
-3.461881,2.7986941,4.58904
2.2057512,7.2872252,8.2048645
8.969226,10.306351,7.3926225
-4.227789,2.6170416,5.896719
-2.9762764,4.227277,6.0060835
11.246482,11.165668,8.591444
-2.0970404,2.4498456,5.2309456
9.072227,12.327087,6.901708
-6.7104373,2.0208752,5.927668
-1.3234016,7.050251,5.309224
8.0857,10.221062,7.960754
8.902885,11.253708,6.986359
-1.5317034,7.1002927,4.958006
-2.9377024,2.175515,5.094005
-3.0532932,3.1615977,6.164229
10.48417,11.788853,7.920918
10.5372095,11.942875,8.361825
1.4295475,6.491314,6.9569173
-1.6305974,5.04857,5.1991153
3.009406,7.932603,7.614495
-5.0791616,2.0767148,5.1014433
-1.9305649,7.0658183,6.0834923
-0.8111117,6.528822,6.102249
-3.4072633,7.6181455,4.5338945
1.4153087,6.5331755,7.0666275
2.3550332,7.9694624,8.899317
6.806648,10.1137295,7.120347
-3.1432996,1.140663,4.9272094
-5.1032066,2.0809743,4.962764
-1.7063679,4.447496,5.8491616
-3.1005871,1.3897746,4.9209385
7.006371,11.068879,8.20032
2.428868,7.3638062,7.071982
7.242361,10.781789,7.5631585
8.548333,9.053662,6.7884264
7.2422686,11.18818,8.270797
-2.5283625,8.019302,4.6406345
7.883918,10.813188,7.5734143
11.891102,10.705035,8.329699
-0.040187452,4.291761,6.221759
-0.8514526,4.20053,4.982559
-1.4478776,4.8311014,5.4119644
0.6960127,5.995807,7.339455
7.5812445,10.454622,7.5924144
-0.9622005,3.812481,5.5258045
6.7224183,10.349667,7.660579
11.5126705,10.639359,8.036113
9.16273,11.741693,8.686338
-1.1384232,3.8365161,5.5252733
2.2013888,7.9417496,8.705246
11.43722,11.410374,8.116627
8.877163,11.26462,7.306738
2.9140787,7.5550013,7.279872
7.317826,10.869013,8.021217
-1.6377754,7.5655785,5.4273276
9.767187,9.585203,7.7454376
10.7249365,10.786701,8.739186
2.9349997,7.107297,8.601468
9.788719,10.208715,7.7914248
-0.8090573,6.941714,6.7152853
-2.223789,7.8188505,4.64494
-3.1029184,2.5011847,5.504826
6.8462563,10.602873,7.582533
-0.25384492,4.660054,6.7357244
-2.141717,7.2812114,5.721205
-3.2216797,2.8720722,5.47204
11.376263,11.353878,7.3701816
8.410075,10.012617,8.157457
3.8420203,8.764125,7.478207
7.4129863,11.108692,6.847707
1.548814,7.1336775,7.04555
10.444807,9.681338,7.967746
10.950584,10.022443,7.46805
1.9694811,7.4392343,8.139135
-2.2184508,7.074781,5.006702
-3.3524432,9.126176,4.596232
9.820541,9.46194,7.414823
-3.4907792,2.6212428,4.298636
8.930111,10.615855,7.9986176
-2.9260082,3.6261888,6.507126
10.384208,11.282878,8.779696
-2.766988,9.859845,4.951458
-0.37017697,6.7729545,6.3491874
-2.2638268,1.6082754,4.5917425
10.629607,11.793175,7.706014
8.962083,12.027399,7.9206705
-2.5518172,1.6029919,4.9673815
-4.45661,2.3345578,5.6242275
8.622039,11.73634,7.0207596
0.1201065,5.1885996,6.881305
7.2772098,10.969678,8.127154
7.374689,11.217735,6.8140817
10.303907,9.398533,7.296328
-3.0789866,2.2977803,5.9193807
-0.67189586,4.7141857,5.054282
-2.5894494,9.51434,4.9659915
8.669358,10.653171,8.169582
1.9610401,7.8496146,7.8795943
-1.6057162,5.463591,5.4278517
-1.814007,7.5026264,5.8158107
9.576227,9.929517,8.384709
2.909857,7.0382457,7.5461807
12.007242,10.665896,7.013043
0.17579585,5.0202975,7.0767417
6.696242,9.030539,6.631902
2.2357247,7.931527,7.78268
-4.869845,2.1234045,6.0546727
2.10459,8.261742,8.017615
1.655979,7.0068045,6.8409767
-2.0983176,4.4782596,5.273304
11.638879,11.388034,7.5739236
-1.0597156,5.066007,5.9738607
7.533293,9.045958,6.666906
-0.46597514,4.222466,6.230417
-5.0647016,2.0652525,5.3284554
7.4705033,10.31877,8.04912
-3.907717,9.072654,4.239855
9.033311,11.549237,8.602579
9.074049,11.428219,7.2921815
2.2193482,8.151383,7.4247274
7.1456265,10.966185,6.6501255
-0.88229555,4.7250443,6.259876
-1.6022469,6.548731,5.566326
-2.8120565,2.782898,6.1850967
1.5227672,7.0002465,8.050074
-6.5078425,2.3348799,5.863484
-3.307312,3.9503684,5.4501367
8.333329,11.307477,8.092442
10.679144,10.172559,8.425974
-1.433417,5.4754834,5.857088
11.774793,11.036332,8.462383
8.584467,10.68488,6.611342
8.554039,10.675341,8.248169
-3.6422687,2.7155366,4.5575595
11.296068,9.992246,7.7940288
-1.9815985,5.8129597,5.88991
2.5838213,7.1070557,7.7342286
-3.2539814,9.240846,4.728876
-0.037585504,5.0924115,6.935741
-1.2484527,5.6348157,5.41347
6.553315,9.630559,6.847069
-2.0279264,2.1587722,4.8165584
-1.5665556,6.009689,6.5987997
9.0577755,11.089722,6.306025
-1.072418,6.8047776,6.290213
11.1851425,10.344997,6.844964
-1.083132,7.5019426,6.330313
11.150004,11.443218,8.385394
2.8339894,7.4660425,9.16567
11.215663,11.060929,7.180795
10.068709,11.172031,8.16426
10.632586,10.476829,7.070179
-3.3079927,1.879529,4.697299
-3.260278,1.6732491,4.5305905
-2.6503007,9.567107,5.1232285
-4.7830153,2.1725965,5.758177
-3.816425,9.085958,4.4772873
-1.1223818,4.0649967,6.158297
3.6529067,8.105319,7.3215876
7.5512047,10.711658,7.42182
2.9524043,7.196837,8.9216
12.256086,10.87953,7.7155457
4.7910147,9.234347,7.2183294
10.76117,10.916368,8.39462
9.2080145,11.474323,7.3459125
-1.5213338,3.684852,5.938177
4.8672705,9.157863,7.222565
-2.6638224,2.8200846,5.5522265
0.19844896,5.0798273,6.9853735
11.935317,11.198317,8.312508
11.139331,10.240448,6.8132234
-4.1424127,8.77257,4.0465574
2.563171,8.272394,7.302566
-0.9924525,4.0364285,5.1488795
5.3329997,8.920627,6.9171953
-2.8688016,9.724098,5.111131
7.0070486,10.849289,7.148575
12.10628,11.230991,7.304491
11.135234,11.392412,7.433692
4.2622104,8.701483,7.29851
-2.972799,1.3860375,5.0098276
2.3389008,6.8638134,8.10623
-4.6661615,2.257209,5.570548
-3.7892928,8.599624,4.3279257
9.256404,9.413815,7.327589
12.176286,10.582258,7.987128
5.4394994,9.667644,6.81645
-1.1077567,4.981212,6.75786
-3.25574,2.9261425,5.0289903
9.666908,11.075895,7.7978063
8.219431,10.565032,7.380852
-0.8657188,6.2529144,6.933396
4.25542,9.133679,7.249866
-2.294177,5.225944,6.192029
-3.113583,2.4914536,6.340586
-1.6453875,4.472547,5.3456836
-0.893907,4.8599305,6.5029273
-3.6063988,3.9971845,5.4842396
-0.3086304,5.3567405,6.629328
6.022987,10.076824,7.2040687
9.366784,12.024547,7.231456
2.280343,7.3711834,8.044451
-3.293344,2.8200948,5.914234
11.6881695,10.846919,8.274806
-2.463722,2.2817383,5.3560305
7.9634943,10.404814,8.091081
2.675228,7.9544277,8.05684
9.440835,10.653619,6.8878627
2.5375714,8.344688,8.567781
0.8259923,6.428055,7.0237246
9.328823,11.032229,7.829457
9.876807,11.681952,7.9603806
-6.607396,1.7923617,7.0062976
8.909421,9.028789,7.0068917
-3.2734509,2.5986845,5.1458383
-3.1317244,2.7230148,6.3487225
7.737305,11.459735,7.877468
11.0567045,10.786238,8.162662
11.924012,10.168713,8.101722
4.886407,8.6711445,7.174712
8.542354,11.702992,7.710541
-0.9118322,5.211793,6.420516
7.9241047,11.152997,6.779996
11.203334,11.261539,8.399282
-3.109514,2.6898685,5.057203
1.7248136,6.7787457,8.0653515
10.718852,11.768043,8.601435
11.867792,10.773746,8.148265
-0.13118087,6.7226634,6.2431993
-2.1111705,7.2551713,5.0604234
11.551515,10.221537,7.3357825
-2.5117586,8.11169,4.68567
-3.7049513,3.1394832,4.8820148
8.61397,10.634257,8.179038
5.3926783,9.570701,7.497186
8.816355,11.423891,6.763043
9.296759,9.890729,7.635162
-1.6039014,6.2791433,6.0716166
-0.61281335,5.144922,5.8019624
11.77843,10.201763,8.308974
8.261646,10.9566145,7.841562
10.798682,10.823923,8.532256
1.825151,7.0869565,7.366464
9.7830105,11.384958,8.24371
-0.91980076,5.924023,5.7311406
11.971859,11.079325,8.246791
-1.3847368,7.4715734,6.0463495
7.3022685,10.340591,7.166118
0.14507008,4.439584,6.4638524
1.6110275,6.6083527,7.2788568
11.863009,11.372532,8.474427
-1.4511118,7.309123,6.255624
8.484201,11.768663,6.902567
-3.8556137,1.9767941,5.0356903
8.808915,9.391574,7.0502186
9.265477,10.3147135,8.40576
10.085656,12.000019,7.530505
-3.3286755,2.8080244,4.832898
10.6563,9.859058,8.398877
6.6470795,9.391785,6.7539344
1.8195796,7.9465117,8.074577
0.26551333,4.50936,6.5251937
7.516193,11.366756,7.4291553
4.4304905,8.616947,7.3312745
4.80231,9.351814,6.963801
-1.6322354,7.1921062,6.4563665
-2.1165385,2.6508057,5.4604707
8.785204,11.60862,7.8935285
-1.653948,3.4347355,5.5827675
2.1750789,7.1031175,7.799167
7.098117,11.080699,8.37624
1.4998727,7.3745875,7.397932
-1.2955198,6.6202455,6.4643683
10.666344,11.163737,7.695905
10.365766,11.016394,8.413862
-1.367333,4.04178,6.3800793
12.198059,10.974724,7.3763137
-2.3845496,1.7478819,4.586898
10.346501,9.601827,8.151207
-3.5593953,7.900734,4.38069
9.354686,10.506124,7.954717
5.9777064,9.581387,7.199401
-3.7936356,2.7959409,4.992837
-2.2482588,7.080239,6.045681
11.763213,10.393559,8.257407
-1.2994196,6.464538,6.5529475
-3.3513308,3.149697,5.7549243
11.215571,11.658129,7.70746
4.2812314,8.948421,7.1127677
2.7168634,7.323523,8.377972
8.512642,11.013311,8.332199
-0.7803336,6.1117897,6.3159633
0.5700466,6.345668,7.0790715
11.967148,11.196418,7.2629533
8.343605,9.204766,6.7242727
10.663019,10.902903,8.720659
10.461203,10.422383,7.9604
2.2919865,7.220273,7.320257
4.6264277,9.149849,7.056983
8.73929,11.452485,6.8804326
4.490922,8.978362,6.9611926
9.4688,11.916494,7.536569
-2.9764047,9.499172,4.8892093
-6.7558165,2.0264878,6.864602
-2.958564,1.8911711,5.3062043
9.504958,9.537756,7.4371963
-2.0243049,7.212666,5.7841673
2.5054305,7.420792,7.5983086
-4.1069536,8.773044,4.201884
-2.9300878,9.61614,5.0772424
5.6617074,9.62107,7.040905
-3.563566,1.6494906,4.5785666
10.054533,10.10109,8.3231125
1.968587,7.775843,7.9023013
3.231469,8.441232,7.0934086
-2.6342573,2.9496074,5.086854
0.9736067,6.168439,7.008005
9.82824,11.668519,7.363214
9.204143,11.5534,8.618926
-3.226402,9.014833,4.7152066
-0.91817796,4.5802393,6.110771
0.71977675,5.8089943,7.2638817
-3.5239122,2.6817372,6.0613966
8.23926,11.360506,6.820264
-1.8591139,7.220776,4.7465982
-3.8840163,1.8059697,4.6657352
6.650235,9.686666,6.888076
2.28203,7.0539265,6.87067
1.3346759,6.2888384,7.177166
12.041358,11.365682,7.9149704
9.726358,9.202173,7.2187667
-1.4383576,3.7704844,6.21814
-3.2636056,1.9102216,4.398169
8.483958,11.100024,7.1246066
3.028229,7.197512,9.089418
11.624577,10.762095,6.6605415
8.547865,11.95671,7.8766446
-1.9407998,5.420485,6.706172
-1.963209,5.111275,6.797932
3.1029677,7.2259626,7.6144977
-3.14802,3.996404,6.3364186
-4.1866345,2.4930944,5.8311377
-1.0003773,4.222027,6.4124346
-1.740371,6.7035694,6.297688
8.281727,11.31059,7.08026
9.538057,10.447421,8.193452
8.857951,11.394577,6.963058
-0.6937098,4.2721405,5.999076
-4.410492,2.3954086,5.7685595
1.5838716,7.0647564,7.6612096
4.6726685,8.718678,7.4426184
8.232312,9.309258,6.870516
-3.5283313,2.132834,4.4943113
8.013058,10.3200035,6.816477
1.702948,7.9714656,8.783985
-0.5193285,6.66055,6.884264
11.770898,10.180091,8.420586
7.836594,9.190745,6.673517
-6.4810424,2.114557,5.9234953
-2.2183123,6.7716093,5.8966975
-6.2350116,1.8704344,6.8170943
1.2455992,7.427803,7.67583
2.7963283,7.470833,7.4763813
-3.5613217,2.8378944,5.0826836
1.2584897,6.9270215,7.8539505
2.148445,7.6884985,7.7000203
2.5488195,7.2948875,7.986943
2.2720134,7.670244,7.733719
-0.015464305,6.2168484,6.3825455
6.559599,9.231101,6.7945595
-3.6386163,2.8648748,5.4416113
2.844757,8.141963,7.4419303
11.849144,10.961258,6.9175773
-2.475265,2.571198,5.574963
-1.9681711,6.29958,6.3382835
11.661703,11.031397,7.5402246
-2.8936465,8.032848,4.2714806
5.5642147,9.060371,6.974216
2.8228257,7.3703957,8.830236
0.20756428,6.871528,6.261768
2.338818,7.829873,8.332971
1.1273552,6.918629,7.427569
2.3168435,7.835204,7.0659685
-2.902627,8.602511,4.7824717
-0.9091347,5.148447,6.2547264
-2.5252793,8.443756,4.7442083
-3.3697968,2.6355217,4.604697
3.8256233,8.3468275,7.334289
-3.088906,8.035751,4.4626756
7.3116403,10.640382,7.9263167
-1.8615035,7.2845125,4.874079
3.8115678,8.674094,7.047224
8.51255,11.696854,7.286415
-3.0362196,7.9353647,4.3455124
-0.7411801,6.518011,5.7912297
9.779865,11.041736,7.2654204
-1.1393663,5.9250484,5.782627
-0.9511231,4.868702,5.612411
9.426206,11.633071,8.09338
10.15839,10.106083,6.878928
7.422244,10.581023,6.8489366
2.074572,8.016986,9.120891
11.844133,10.46404,6.9848375
7.5042543,9.148859,6.703806
10.83433,11.428855,7.339689
7.2913246,11.000313,7.364717
11.910267,10.491864,6.887773
2.249955,8.142826,8.987004
1.7530459,8.208047,7.780755
9.000886,9.443503,6.9113297
11.976611,10.435851,7.8653708
-0.6764128,6.93624,6.5592847
-3.3087893,8.15182,4.054098
1.7605604,8.297052,7.9119067
-6.6369944,2.0927775,6.1538115
8.9842,9.760408,6.8032246
-2.8349245,2.070022,5.706578
9.487035,10.845785,6.449016
2.0538447,8.157053,8.691428
7.568001,11.309069,7.676413
9.638926,10.373134,7.0198
-3.6918683,2.3441432,5.1835995
7.222421,10.865749,6.609813
-1.7910372,7.4771013,4.886582
10.040601,9.495907,7.9091964
-2.2691646,6.6388893,5.643622
-2.8367422,8.502109,4.5875688
-2.3984103,2.2903967,4.7900057
10.432556,9.904115,7.5268836
2.8047533,7.5278163,9.092827
8.529817,11.703972,7.339022
-1.6632848,6.4075704,5.7821136
-0.62826455,5.2148547,5.496442
9.060922,11.024915,6.48579
-2.9308305,4.0948195,6.5229692
8.979872,11.227665,7.9486327
-2.6222937,8.279075,4.6747746
9.4608555,10.210286,6.6642704
10.977055,11.053933,7.6596437
10.81412,10.208211,7.0379934
7.354798,9.994352,6.77065
9.419741,12.282623,6.9285917
7.688564,11.118413,7.194737
-1.5483344,7.285658,5.144886
-2.6718247,1.9507188,4.5517354
-3.432621,2.9081883,4.517986
4.5068917,8.665701,6.9455876
9.787823,11.021363,7.8249526
10.039715,10.819214,8.089866
-3.3842328,4.157114,5.7430663
-1.5003623,7.638808,5.5958767
9.104106,11.437004,8.735108
-2.2186177,7.4318333,4.996298
3.46662,8.241719,7.2322407
5.1108594,9.38502,7.029442
0.9711507,6.0412908,7.4444265
-1.8927789,4.3643384,5.9274387
11.294075,10.866068,6.7606854
8.951054,10.473857,7.771292
2.6814113,6.9130993,8.51996
-4.6392508,2.355884,6.049262
-1.5800852,6.1275077,6.2627378
9.490841,11.800083,8.25021
10.434205,10.5174465,7.3659463
8.665478,10.965116,6.545145
10.84602,11.201063,7.497036
-3.429894,4.1685047,5.6775827
-2.1653295,3.6532238,5.112195
-1.4912275,6.314525,5.4465566
12.104344,10.434708,7.329163
11.404526,10.682215,7.0817156
-1.4695212,7.3856053,5.535479
-1.5220313,4.4855876,6.3934317
11.873358,11.389004,8.116568
2.2753677,7.5992928,7.947461
-3.6768975,3.245234,4.5756836
1.273457,6.6032524,7.679067
0.80540854,6.534991,7.5232615
8.572248,10.984712,8.003763
-6.329318,2.046479,6.0938196
3.0221872,6.906578,7.5363197
-2.0115368,6.7526712,5.82439
3.4748237,8.530371,7.4173093
7.0802264,9.7561035,6.7696486
-2.5326328,4.3536053,6.547043
8.793568,11.714252,7.126318
8.751004,11.806372,8.027346
8.168095,11.433598,7.191416
9.574039,11.78073,7.711234
7.452239,10.727073,6.8255534
-0.9634312,3.9553149,5.110301
-2.235587,3.183863,5.230851
7.220256,10.859561,7.9927397
7.7185407,10.820962,7.670228
-3.2676663,3.9258082,5.7895517
-2.8968227,9.627744,4.9843593
-1.5984107,4.305082,5.8559113
1.1352558,6.4591346,6.9369507
1.5528669,8.325699,7.9226594
8.960391,9.920403,8.177811
-2.4418697,3.805046,6.1201234
6.9725404,10.8615265,8.105656
-1.2992475,6.8911967,6.750801
10.898768,9.9854145,7.6444616
-2.846483,8.316769,5.2650576
11.3343935,10.630006,7.0339246
-2.2611341,4.0095043,5.396241
-6.4484963,1.7554265,6.7385774
-1.4707887,3.9679806,5.4756026
-0.1260071,6.3087506,5.7346845
1.2113895,6.502321,7.2939143
-1.4792893,5.598329,5.5150423
0.5155838,5.0798917,6.8643975
8.930141,10.511936,6.7915287
-3.648358,9.002231,4.3630433
11.455962,10.156508,7.630776
-1.7563916,7.668771,4.6145177
-1.464604,7.565382,5.86183
-1.601846,7.3834095,4.602684
9.523891,9.340987,7.106864
10.737839,11.232134,7.8220854
2.6432695,7.2071066,7.254338
-0.7377798,4.1949663,6.4991846
2.075816,7.0599823,8.03599
10.002141,10.391086,7.043245
3.1107383,8.200513,7.19616
-1.7446898,3.413343,5.477751
-3.3714201,7.974942,4.017449
10.081151,9.540538,8.127251
-2.3250542,5.8940263,5.590225
10.850844,11.605318,8.258211
-0.8395273,5.728945,5.7543497
-0.017687954,4.4043527,6.3033624
-3.1762648,2.939759,6.3137817
-6.459275,2.319899,6.104594
-1.4592048,4.296693,5.487575
7.378619,10.803403,6.5305276
11.957639,10.361198,7.0802107
-1.2835789,4.8839326,6.864211
2.7841737,8.525181,7.54887
-3.674888,3.3784099,4.703779
-2.4242887,2.7148452,5.3401046
-3.4747581,2.60118,4.7927103
-2.808578,1.9327989,4.686991
-1.1748567,3.8332293,6.0078363
8.731693,11.932811,6.730959
9.498748,11.219638,6.845288
7.593917,10.968525,8.439986
0.50609756,6.809717,6.7813826
11.035497,10.138942,8.315462
-0.39935607,4.082795,6.2593937
0.7707152,6.6493816,7.441725
3.751704,8.460485,7.124126
10.983534,10.872504,7.833248
7.710487,10.677211,6.676293
9.868507,10.337524,7.239549
-1.3959161,4.0123134,6.458758
0.08285957,6.274442,6.252779
-1.804128,6.3967824,5.8870974
1.7340704,7.8519244,7.535389
-2.9649458,1.2330498,5.077991
-3.5507174,8.224221,4.10735
-3.0622747,2.617362,4.605337
9.960485,11.06905,7.131014
-2.9828389,3.9558957,6.456433
2.6630685,7.9622145,7.53077
-2.8829172,3.1474366,5.934933
11.155383,10.358859,8.34347
9.606872,10.865821,7.7486963
-2.2821782,4.499881,5.799387
11.933225,10.4992,7.0763683
9.286524,10.761132,6.727015
10.583004,10.95392,7.866225
11.593921,10.883841,8.47207
-2.293549,6.843862,5.5117025
3.6005003,8.525051,7.6557217
9.814872,11.988038,6.9572043
-1.3819387,3.596929,6.035679
5.828687,9.852886,7.002943
-3.630215,2.4270582,4.6116
11.736779,10.877813,8.255533
11.159054,10.658338,8.565158
-2.411968,1.5158136,4.495438
-6.2986703,1.9546299,6.8930445
-0.35619932,6.150049,5.9813786
0.2645308,4.9565754,6.619101
-1.7403189,4.173982,6.6125607
6.6727104,10.649395,7.20168
5.7657495,9.428202,7.019668
7.734934,11.031585,6.867716
-3.1746197,1.2502725,4.8318973
1.215545,7.086081,7.0875006
-5.177742,2.231714,6.0139565
11.088345,11.076877,8.273496
6.046335,10.100434,7.6889763
-3.6562402,2.765056,5.2427998
1.5386716,6.839017,7.8616014
1.32772,6.443103,7.010506
-1.1211354,6.4249663,6.0082626
10.126506,10.483994,8.33332
9.565877,10.775047,6.6464014
8.572793,10.7042885,7.5532017
8.112549,11.462581,6.9038196
9.100432,11.07391,7.4880753
9.030799,11.433657,7.8314056
-2.8100348,7.960422,4.4461884
-1.3460772,6.1680818,6.493153
11.496921,10.6512,7.537472
-2.1078992,3.8917286,5.8554707
-1.8257462,7.53515,5.809043
8.888787,10.908447,6.470916
11.659926,10.657355,7.038597
-1.6828676,3.915055,5.7543397
9.970181,11.089517,7.108356
4.698097,9.069222,7.4512215
-2.277428,3.240497,5.1327376
7.2727284,11.30758,6.9726624
-3.5248346,3.738097,5.088316
-2.1029332,6.783788,5.7673316
2.4189177,7.58462,6.6334777
11.823105,10.784553,7.7482257
-2.4535706,8.731667,5.0824285
-4.0077925,8.746044,4.418933
8.792413,11.1798525,7.7007203
-2.807802,7.797037,4.7754235
9.693556,11.34817,7.873191
-2.4776812,7.1638455,5.5120306
1.2959279,6.761235,6.9139104
9.756528,11.315722,8.243777
-3.3088822,8.379755,4.369865
-3.789544,8.996113,4.400877
9.098293,11.690048,7.4584
-6.699897,2.0796795,5.994442
-0.7631105,5.0522966,5.4146557
-3.2005792,1.9037358,5.325229
-2.1219625,3.3974442,6.0484643
8.82911,9.437859,6.751964
-2.2277505,2.5869462,5.471395
8.887057,10.138601,7.443643
0.364458,6.434922,6.671554
